{
  "skull_0000.png": 73,
  "skull_0001.png": 55,
  "skull_0002.png": 19,
  "skull_0003.png": 59,
  "skull_0004.png": 31,
  "skull_0005.png": 80,
  "skull_0006.png": 49,
  "skull_0007.png": 24,
  "skull_0008.png": 70,
  "skull_0009.png": 43,
  "skull_0010.png": 80,
  "skull_0011.png": 22,
  "skull_0012.png": 43,
  "skull_0013.png": 35,
  "skull_0014.png": 75,
  "skull_0015.png": 38,
  "skull_0016.png": 26,
  "skull_0017.png": 52,
  "skull_0018.png": 72,
  "skull_0019.png": 39,
  "skull_0020.png": 25,
  "skull_0021.png": 73,
  "skull_0022.png": 66,
  "skull_0023.png": 64,
  "skull_0024.png": 54,
  "skull_0025.png": 71,
  "skull_0026.png": 45,
  "skull_0027.png": 71,
  "skull_0028.png": 71,
  "skull_0029.png": 79,
  "skull_0030.png": 60,
  "skull_0031.png": 38,
  "skull_0032.png": 67,
  "skull_0033.png": 63,
  "skull_0034.png": 72,
  "skull_0035.png": 67,
  "skull_0036.png": 21,
  "skull_0037.png": 23,
  "skull_0038.png": 54,
  "skull_0039.png": 34,
  "skull_0040.png": 75,
  "skull_0041.png": 61,
  "skull_0042.png": 74,
  "skull_0043.png": 53,
  "skull_0044.png": 38,
  "skull_0045.png": 24,
  "skull_0046.png": 37,
  "skull_0047.png": 38,
  "skull_0048.png": 27,
  "skull_0049.png": 63,
  "skull_0050.png": 32,
  "skull_0051.png": 68,
  "skull_0052.png": 79,
  "skull_0053.png": 35,
  "skull_0054.png": 60,
  "skull_0055.png": 54,
  "skull_0056.png": 21,
  "skull_0057.png": 65,
  "skull_0058.png": 27,
  "skull_0059.png": 28,
  "skull_0060.png": 49,
  "skull_0061.png": 73,
  "skull_0062.png": 32,
  "skull_0063.png": 30,
  "skull_0064.png": 72,
  "skull_0065.png": 55,
  "skull_0066.png": 24,
  "skull_0067.png": 19,
  "skull_0068.png": 39,
  "skull_0069.png": 34,
  "skull_0070.png": 70,
  "skull_0071.png": 20,
  "skull_0072.png": 55,
  "skull_0073.png": 22,
  "skull_0074.png": 31,
  "skull_0075.png": 25,
  "skull_0076.png": 78,
  "skull_0077.png": 50,
  "skull_0078.png": 46,
  "skull_0079.png": 74,
  "skull_0080.png": 23,
  "skull_0081.png": 59,
  "skull_0082.png": 61,
  "skull_0083.png": 24,
  "skull_0084.png": 50,
  "skull_0085.png": 52,
  "skull_0086.png": 63,
  "skull_0087.png": 54,
  "skull_0088.png": 37,
  "skull_0089.png": 77,
  "skull_0090.png": 62,
  "skull_0091.png": 79,
  "skull_0092.png": 52,
  "skull_0093.png": 56,
  "skull_0094.png": 73,
  "skull_0095.png": 58,
  "skull_0096.png": 56,
  "skull_0097.png": 43,
  "skull_0098.png": 34,
  "skull_0099.png": 53,
  "skull_0100.png": 40,
  "skull_0101.png": 22,
  "skull_0102.png": 34,
  "skull_0103.png": 19,
  "skull_0104.png": 24,
  "skull_0105.png": 54,
  "skull_0106.png": 80,
  "skull_0107.png": 35,
  "skull_0108.png": 55,
  "skull_0109.png": 76,
  "skull_0110.png": 61,
  "skull_0111.png": 46,
  "skull_0112.png": 69,
  "skull_0113.png": 65,
  "skull_0114.png": 21,
  "skull_0115.png": 71,
  "skull_0116.png": 34,
  "skull_0117.png": 42,
  "skull_0118.png": 18,
  "skull_0119.png": 25,
  "skull_0120.png": 37,
  "skull_0121.png": 52,
  "skull_0122.png": 35,
  "skull_0123.png": 33,
  "skull_0124.png": 56,
  "skull_0125.png": 48,
  "skull_0126.png": 62,
  "skull_0127.png": 27,
  "skull_0128.png": 69,
  "skull_0129.png": 34,
  "skull_0130.png": 70,
  "skull_0131.png": 35,
  "skull_0132.png": 32,
  "skull_0133.png": 36,
  "skull_0134.png": 37,
  "skull_0135.png": 65,
  "skull_0136.png": 70,
  "skull_0137.png": 28,
  "skull_0138.png": 73,
  "skull_0139.png": 71,
  "skull_0140.png": 34,
  "skull_0141.png": 55,
  "skull_0142.png": 33,
  "skull_0143.png": 56,
  "skull_0144.png": 55,
  "skull_0145.png": 72,
  "skull_0146.png": 66,
  "skull_0147.png": 80,
  "skull_0148.png": 65,
  "skull_0149.png": 26,
  "skull_0150.png": 22,
  "skull_0151.png": 52,
  "skull_0152.png": 26,
  "skull_0153.png": 39,
  "skull_0154.png": 72,
  "skull_0155.png": 25,
  "skull_0156.png": 79,
  "skull_0157.png": 18,
  "skull_0158.png": 26,
  "skull_0159.png": 54,
  "skull_0160.png": 55,
  "skull_0161.png": 67,
  "skull_0162.png": 73,
  "skull_0163.png": 69,
  "skull_0164.png": 55,
  "skull_0165.png": 67,
  "skull_0166.png": 57,
  "skull_0167.png": 59,
  "skull_0168.png": 63,
  "skull_0169.png": 18,
  "skull_0170.png": 62,
  "skull_0171.png": 76,
  "skull_0172.png": 37,
  "skull_0173.png": 48,
  "skull_0174.png": 63,
  "skull_0175.png": 50,
  "skull_0176.png": 54,
  "skull_0177.png": 64,
  "skull_0178.png": 54,
  "skull_0179.png": 58,
  "skull_0180.png": 79,
  "skull_0181.png": 72,
  "skull_0182.png": 73,
  "skull_0183.png": 34,
  "skull_0184.png": 55,
  "skull_0185.png": 72,
  "skull_0186.png": 72,
  "skull_0187.png": 58,
  "skull_0188.png": 28,
  "skull_0189.png": 79,
  "skull_0190.png": 78,
  "skull_0191.png": 41,
  "skull_0192.png": 21,
  "skull_0193.png": 48,
  "skull_0194.png": 64,
  "skull_0195.png": 36,
  "skull_0196.png": 60,
  "skull_0197.png": 28,
  "skull_0198.png": 50,
  "skull_0199.png": 66
}